"id","name","code","user_type_id/id","chart_template_id/id","reconcile"
"1_pcg_10","Capital","10","account.data_account_type_equity","l10n_tn.l10n_tn_pcg_chart_template","False"
"1_pcg_101100","Capital souscrit - non appelé","101100","account.data_account_type_equity","l10n_tn.l10n_tn_pcg_chart_template","False"
"1_pcg_101200","Capital souscrit – appelé non versé","101200","account.data_account_type_equity","l10n_tn.l10n_tn_pcg_chart_template","False"
"1_pcg_101300","Capital souscrit – appelé versé","101300","account.data_account_type_equity","l10n_tn.l10n_tn_pcg_chart_template","False"
"1_pcg_101310","Capital non amorti","101310","account.data_account_type_equity","l10n_tn.l10n_tn_pcg_chart_template","False"
"1_pcg_101320","Capital amorti","101320","account.data_account_type_equity","l10n_tn.l10n_tn_pcg_chart_template","False"
"1_pcg_101800","Capital souscrit soumis a une réglementation particulière","101800","account.data_account_type_equity","l10n_tn.l10n_tn_pcg_chart_template","False"
"1_pcg_105000","Fonds de dotation","105000","account.data_account_type_equity","l10n_tn.l10n_tn_pcg_chart_template","False"
"1_pcg_108000","Compte de l'exploitant","108000","account.data_account_type_equity","l10n_tn.l10n_tn_pcg_chart_template","False"
"1_pcg_109000","Actionnaires: capital souscrit - non appelé","109000","account.data_account_type_equity","l10n_tn.l10n_tn_pcg_chart_template","False"
"1_pcg_11","Réserves et primes liées au capital","11","account.data_account_type_equity","l10n_tn.l10n_tn_pcg_chart_template","False"
"1_pcg_111000","Réserve légale","111000","account.data_account_type_equity","l10n_tn.l10n_tn_pcg_chart_template","False"
"1_pcg_112000","Réserves statutaires","112000","account.data_account_type_equity","l10n_tn.l10n_tn_pcg_chart_template","False"
"1_pcg_117100","Primes d’émission","117100","account.data_account_type_equity","l10n_tn.l10n_tn_pcg_chart_template","False"
"1_pcg_117200","Primes de fusion","117200","account.data_account_type_equity","l10n_tn.l10n_tn_pcg_chart_template","False"
"1_pcg_117300","Primes d'apport","117300","account.data_account_type_equity","l10n_tn.l10n_tn_pcg_chart_template","False"
"1_pcg_117400","Primes de conversion d'obligation","117400","account.data_account_type_equity","l10n_tn.l10n_tn_pcg_chart_template","False"
"1_pcg_117800","Autres compléments d'apport","117800","account.data_account_type_equity","l10n_tn.l10n_tn_pcg_chart_template","False"
"1_pcg_118100","Réserves pour fonds social","118100","account.data_account_type_equity","l10n_tn.l10n_tn_pcg_chart_template","False"
"1_pcg_119000","Avoirs des actionnaires","119000","account.data_account_type_equity","l10n_tn.l10n_tn_pcg_chart_template","False"
"1_pcg_12","Résultats reportes","12","account.data_account_type_equity","l10n_tn.l10n_tn_pcg_chart_template","False"
"1_pcg_121000","Résultats reportes","121000","account.data_account_type_equity","l10n_tn.l10n_tn_pcg_chart_template","False"
"1_pcg_128000","Modifications comptables affectant les résultats reportes","128000","account.data_account_type_equity","l10n_tn.l10n_tn_pcg_chart_template","False"
"1_pcg_13","Résultat de l'exercice","13","account.data_account_type_equity","l10n_tn.l10n_tn_pcg_chart_template","False"
"1_pcg_131000","Résultat bénéficiaire","131000","account.data_account_type_equity","l10n_tn.l10n_tn_pcg_chart_template","False"
"1_pcg_135000","Résultat déficitaire","135000","account.data_account_type_equity","l10n_tn.l10n_tn_pcg_chart_template","False"
"1_pcg_14","Autres capitaux propres","14","account.data_account_type_equity","l10n_tn.l10n_tn_pcg_chart_template","False"
"1_pcg_141000","Titres soumis a des réglementations particulières","141000","account.data_account_type_equity","l10n_tn.l10n_tn_pcg_chart_template","False"
"1_pcg_142100","Réserves indisponibles","142100","account.data_account_type_equity","l10n_tn.l10n_tn_pcg_chart_template","False"
"1_pcg_143000","Amortissements dérogatoires","143000","account.data_account_type_equity","l10n_tn.l10n_tn_pcg_chart_template","False"
"1_pcg_144000","Réserve spéciale de revalidation","144000","account.data_account_type_equity","l10n_tn.l10n_tn_pcg_chart_template","False"
"1_pcg_145100","Subventions d'investissement","145100","account.data_account_type_equity","l10n_tn.l10n_tn_pcg_chart_template","False"
"1_pcg_145800","Autres subventions d'investissement","145800","account.data_account_type_equity","l10n_tn.l10n_tn_pcg_chart_template","False"
"1_pcg_145900","Subventions d'investissement inscrites aux comptes de résultat","145900","account.data_account_type_equity","l10n_tn.l10n_tn_pcg_chart_template","False"
"1_pcg_147000","Compte du concédant","147000","account.data_account_type_equity","l10n_tn.l10n_tn_pcg_chart_template","False"
"1_pcg_15","Provisions pour risques et charges","15","account.data_account_type_equity","l10n_tn.l10n_tn_pcg_chart_template","False"
"1_pcg_151100","Provisions pour litiges","151100","account.data_account_type_equity","l10n_tn.l10n_tn_pcg_chart_template","False"
"1_pcg_151200","Provisions pour garanties données aux clients","151200","account.data_account_type_equity","l10n_tn.l10n_tn_pcg_chart_template","False"
"1_pcg_151300","Provisions pour pertes sur marches a achèvement futur","151300","account.data_account_type_equity","l10n_tn.l10n_tn_pcg_chart_template","False"
"1_pcg_151400","Provisions pour amendes et penalties","151400","account.data_account_type_equity","l10n_tn.l10n_tn_pcg_chart_template","False"
"1_pcg_151500","Provisions pour pertes de change","151500","account.data_account_type_equity","l10n_tn.l10n_tn_pcg_chart_template","False"
"1_pcg_151800","Autres provisions pour risques","151800","account.data_account_type_equity","l10n_tn.l10n_tn_pcg_chart_template","False"
"1_pcg_152200","Provisions pour grosses réparations","152200","account.data_account_type_equity","l10n_tn.l10n_tn_pcg_chart_template","False"
"1_pcg_153000","Provisions pour retraites et obligations similaires","153000","account.data_account_type_equity","l10n_tn.l10n_tn_pcg_chart_template","False"
"1_pcg_154000","Provisions d'origine réglementaire","154000","account.data_account_type_equity","l10n_tn.l10n_tn_pcg_chart_template","False"
"1_pcg_155000","Provisions pour impôts","155000","account.data_account_type_equity","l10n_tn.l10n_tn_pcg_chart_template","False"
"1_pcg_156000","Provisions pour renouvellement des immobilisations","156000","account.data_account_type_equity","l10n_tn.l10n_tn_pcg_chart_template","False"
"1_pcg_157000","Provisions pour amortissement","157000","account.data_account_type_equity","l10n_tn.l10n_tn_pcg_chart_template","False"
"1_pcg_158000","Autres provisions pour charges","158000","account.data_account_type_equity","l10n_tn.l10n_tn_pcg_chart_template","False"
"1_pcg_16","Emprunts et dettes assimilées","16","account.data_account_type_equity","l10n_tn.l10n_tn_pcg_chart_template","False"
"1_pcg_161100","Emprunts obligataires convertibles en actions","161100","account.data_account_type_equity","l10n_tn.l10n_tn_pcg_chart_template","False"
"1_pcg_161800","Autres emprunts obligataires","161800","account.data_account_type_equity","l10n_tn.l10n_tn_pcg_chart_template","False"
"1_pcg_162100","Emprunts bancaires","162100","account.data_account_type_equity","l10n_tn.l10n_tn_pcg_chart_template","False"
"1_pcg_162600","Refinancements acquis","162600","account.data_account_type_equity","l10n_tn.l10n_tn_pcg_chart_template","False"
"1_pcg_163000","Emprunts auprès d'autres établissements financiers (assorties de sûretés)","163000","account.data_account_type_equity","l10n_tn.l10n_tn_pcg_chart_template","False"
"1_pcg_164000","Emprunts et dettes assorties de conditions particulières","164000","account.data_account_type_equity","l10n_tn.l10n_tn_pcg_chart_template","False"
"1_pcg_164100","Avances bloquées pour augmentation du capital","164100","account.data_account_type_equity","l10n_tn.l10n_tn_pcg_chart_template","False"
"1_pcg_164200","Avances reçues et comptes courants des associes bloques","164200","account.data_account_type_equity","l10n_tn.l10n_tn_pcg_chart_template","False"
"1_pcg_164400","Avances conditionnées de l’État et organismes internationaux","164400","account.data_account_type_equity","l10n_tn.l10n_tn_pcg_chart_template","False"
"1_pcg_165000","Emprunts non assorties de sûretés (a subdiviser selon l'ordre des comptes des emprunts)","165000","account.data_account_type_equity","l10n_tn.l10n_tn_pcg_chart_template","False"
"1_pcg_166000","Dettes rattachées a des participations","166000","account.data_account_type_equity","l10n_tn.l10n_tn_pcg_chart_template","False"
"1_pcg_166100","Dettes rattachées a des participations (groupe)","166100","account.data_account_type_equity","l10n_tn.l10n_tn_pcg_chart_template","False"
"1_pcg_166200","Dettes rattachées a des participations (hors groupe)","166200","account.data_account_type_equity","l10n_tn.l10n_tn_pcg_chart_template","False"
"1_pcg_166300","Dettes rattachées a des sociétés en participation","166300","account.data_account_type_equity","l10n_tn.l10n_tn_pcg_chart_template","False"
"1_pcg_167000","Dépôts et cautionnements reçus","167000","account.data_account_type_equity","l10n_tn.l10n_tn_pcg_chart_template","False"
"1_pcg_168100","Autres emprunts","168100","account.data_account_type_equity","l10n_tn.l10n_tn_pcg_chart_template","False"
"1_pcg_168500","Crédit fournisseurs d'immobilisations","168500","account.data_account_type_equity","l10n_tn.l10n_tn_pcg_chart_template","False"
"1_pcg_168800","Autres dettes non courantes","168800","account.data_account_type_equity","l10n_tn.l10n_tn_pcg_chart_template","False"
"1_pcg_17","Comptes de liaison des établissements et succursales","17","account.data_account_type_equity","l10n_tn.l10n_tn_pcg_chart_template","False"
"1_pcg_171000","Comptes des liaison des établissements","171000","account.data_account_type_equity","l10n_tn.l10n_tn_pcg_chart_template","False"
"1_pcg_176000","Biens et prestations de services échanges entre établissements (charges)","176000","account.data_account_type_equity","l10n_tn.l10n_tn_pcg_chart_template","False"
"1_pcg_177000","Biens et prestations de services échanges entre établissements (produits)","177000","account.data_account_type_equity","l10n_tn.l10n_tn_pcg_chart_template","False"
"1_pcg_18","Autres passifs non courants","18","account.data_account_type_equity","l10n_tn.l10n_tn_pcg_chart_template","False"
"1_pcg_185000","écarts de conversion","185000","account.data_account_type_equity","l10n_tn.l10n_tn_pcg_chart_template","False"
"1_pcg_188000","Autres","188000","account.data_account_type_equity","l10n_tn.l10n_tn_pcg_chart_template","False"
"1_pcg_211000","Investissements de recherche et de développement","211000","account.data_account_type_fixed_assets","l10n_tn.l10n_tn_pcg_chart_template","False"
"1_pcg_212000","Concessions de marques, brevets, licences, marques, procédés et valeurs similaires","212000","account.data_account_type_fixed_assets","l10n_tn.l10n_tn_pcg_chart_template","False"
"1_pcg_213000","Logiciels","213000","account.data_account_type_fixed_assets","l10n_tn.l10n_tn_pcg_chart_template","False"
"1_pcg_214000","Fonds commercial","214000","account.data_account_type_fixed_assets","l10n_tn.l10n_tn_pcg_chart_template","False"
"1_pcg_216000","Droit au bail","216000","account.data_account_type_fixed_assets","l10n_tn.l10n_tn_pcg_chart_template","False"
"1_pcg_218000","Autres immobilisations incorporelles","218000","account.data_account_type_fixed_assets","l10n_tn.l10n_tn_pcg_chart_template","False"
"1_pcg_221300","Terrains nus","221300","account.data_account_type_fixed_assets","l10n_tn.l10n_tn_pcg_chart_template","False"
"1_pcg_221400","Terrains amenages","221400","account.data_account_type_fixed_assets","l10n_tn.l10n_tn_pcg_chart_template","False"
"1_pcg_221500","Terrains bâtis","221500","account.data_account_type_fixed_assets","l10n_tn.l10n_tn_pcg_chart_template","False"
"1_pcg_221600","Agencements et aménagements des terrains","221600","account.data_account_type_fixed_assets","l10n_tn.l10n_tn_pcg_chart_template","False"
"1_pcg_222100","Bâtiments","222100","account.data_account_type_fixed_assets","l10n_tn.l10n_tn_pcg_chart_template","False"
"1_pcg_222500","Installations générales, agencements et aménagements des constructions","222500","account.data_account_type_fixed_assets","l10n_tn.l10n_tn_pcg_chart_template","False"
"1_pcg_222600","Ouvrages d'infrastructure","222600","account.data_account_type_fixed_assets","l10n_tn.l10n_tn_pcg_chart_template","False"
"1_pcg_222700","Constructions sur sol d'autrui","222700","account.data_account_type_fixed_assets","l10n_tn.l10n_tn_pcg_chart_template","False"
"1_pcg_223100","Installations techniques","223100","account.data_account_type_fixed_assets","l10n_tn.l10n_tn_pcg_chart_template","False"
"1_pcg_223200","Climatiseurs","223200","account.data_account_type_fixed_assets","l10n_tn.l10n_tn_pcg_chart_template","False"
"1_pcg_223300","Matériels informatique","223300","account.data_account_type_fixed_assets","l10n_tn.l10n_tn_pcg_chart_template","False"
"1_pcg_223400","Matériel industriel","223400","account.data_account_type_fixed_assets","l10n_tn.l10n_tn_pcg_chart_template","False"
"1_pcg_223500","Outillage industriel","223500","account.data_account_type_fixed_assets","l10n_tn.l10n_tn_pcg_chart_template","False"
"1_pcg_223600","Équipement de communication","223600","account.data_account_type_fixed_assets","l10n_tn.l10n_tn_pcg_chart_template","False"
"1_pcg_223700","Agencements et aménagements du matériel et outillage industriels","223700","account.data_account_type_fixed_assets","l10n_tn.l10n_tn_pcg_chart_template","False"
"1_pcg_223800","Immobilisations Divers Meuble","223800","account.data_account_type_fixed_assets","l10n_tn.l10n_tn_pcg_chart_template","False"
"1_pcg_223801","Meuble appartement","223801","account.data_account_type_fixed_assets","l10n_tn.l10n_tn_pcg_chart_template","False"
"1_pcg_223802","Meubles Usine","223802","account.data_account_type_fixed_assets","l10n_tn.l10n_tn_pcg_chart_template","False"
"1_pcg_224100","Matériel de transport de biens","224100","account.data_account_type_fixed_assets","l10n_tn.l10n_tn_pcg_chart_template","False"
"1_pcg_224400","Matériel de transport de personnes","224400","account.data_account_type_fixed_assets","l10n_tn.l10n_tn_pcg_chart_template","False"
"1_pcg_228100","Installations générales, agencements et aménagements divers","228100","account.data_account_type_fixed_assets","l10n_tn.l10n_tn_pcg_chart_template","False"
"1_pcg_228200","Équipement de bureau","228200","account.data_account_type_fixed_assets","l10n_tn.l10n_tn_pcg_chart_template","False"
"1_pcg_228300","Équipements électroménager","228300","account.data_account_type_fixed_assets","l10n_tn.l10n_tn_pcg_chart_template","False"
"1_pcg_228600","Emballages récupérables identifiables","228600","account.data_account_type_fixed_assets","l10n_tn.l10n_tn_pcg_chart_template","False"
"1_pcg_231000","Immobilisations incorporelles en cours","231000","account.data_account_type_fixed_assets","l10n_tn.l10n_tn_pcg_chart_template","False"
"1_pcg_232000","Immobilisations corporelles en cours","232000","account.data_account_type_fixed_assets","l10n_tn.l10n_tn_pcg_chart_template","False"
"1_pcg_237000","Avances et acomptes verses sur immobilisations incorporelles","237000","account.data_account_type_fixed_assets","l10n_tn.l10n_tn_pcg_chart_template","False"
"1_pcg_238000","Avances et acomptes verses sur commandes d'immobilisations corporelles","238000","account.data_account_type_fixed_assets","l10n_tn.l10n_tn_pcg_chart_template","False"
"1_pcg_240000","Immobilisations a statut juridique particulier","240000","account.data_account_type_fixed_assets","l10n_tn.l10n_tn_pcg_chart_template","False"
"1_pcg_251100","Actions","251100","account.data_account_type_fixed_assets","l10n_tn.l10n_tn_pcg_chart_template","False"
"1_pcg_251800","Autres titres","251800","account.data_account_type_fixed_assets","l10n_tn.l10n_tn_pcg_chart_template","False"
"1_pcg_256000","Autres formes de participation","256000","account.data_account_type_fixed_assets","l10n_tn.l10n_tn_pcg_chart_template","False"
"1_pcg_257100","Créances rattachées a des participations (groupe)","257100","account.data_account_type_fixed_assets","l10n_tn.l10n_tn_pcg_chart_template","False"
"1_pcg_257400","Créances rattachées a des participations (hors groupe)","257400","account.data_account_type_fixed_assets","l10n_tn.l10n_tn_pcg_chart_template","False"
"1_pcg_257500","Versements représentatifs d'apports non capitalises (appel de fonds)","257500","account.data_account_type_fixed_assets","l10n_tn.l10n_tn_pcg_chart_template","False"
"1_pcg_257600","Avances consolidables","257600","account.data_account_type_fixed_assets","l10n_tn.l10n_tn_pcg_chart_template","False"
"1_pcg_257700","Autres créances rattachées a des participations","257700","account.data_account_type_fixed_assets","l10n_tn.l10n_tn_pcg_chart_template","False"
"1_pcg_258000","Créances rattachées a des sociétés en participation","258000","account.data_account_type_fixed_assets","l10n_tn.l10n_tn_pcg_chart_template","False"
"1_pcg_259000","Versements restant a effectuer sur titres de participation non libérés","259000","account.data_account_type_fixed_assets","l10n_tn.l10n_tn_pcg_chart_template","False"
"1_pcg_261100","Actions","261100","account.data_account_type_fixed_assets","l10n_tn.l10n_tn_pcg_chart_template","False"
"1_pcg_261800","Autres titres","261800","account.data_account_type_fixed_assets","l10n_tn.l10n_tn_pcg_chart_template","False"
"1_pcg_262100","Obligations","262100","account.data_account_type_fixed_assets","l10n_tn.l10n_tn_pcg_chart_template","False"
"1_pcg_262200","Bons","262200","account.data_account_type_fixed_assets","l10n_tn.l10n_tn_pcg_chart_template","False"
"1_pcg_264100","Prêts participatifs","264100","account.data_account_type_fixed_assets","l10n_tn.l10n_tn_pcg_chart_template","False"
"1_pcg_264200","Prêts aux associes","264200","account.data_account_type_fixed_assets","l10n_tn.l10n_tn_pcg_chart_template","False"
"1_pcg_264300","Prêts au personnel","264300","account.data_account_type_fixed_assets","l10n_tn.l10n_tn_pcg_chart_template","False"
"1_pcg_264500","Prêts assortis de sûretés (a subdiviser)","264500","account.data_account_type_fixed_assets","l10n_tn.l10n_tn_pcg_chart_template","False"
"1_pcg_264800","Autres prêts","264800","account.data_account_type_fixed_assets","l10n_tn.l10n_tn_pcg_chart_template","False"
"1_pcg_265100","Dépôts","265100","account.data_account_type_fixed_assets","l10n_tn.l10n_tn_pcg_chart_template","False"
"1_pcg_265500","Cautionnements","265500","account.data_account_type_fixed_assets","l10n_tn.l10n_tn_pcg_chart_template","False"
"1_pcg_265600","Dépôts bancaires non courants","265600","account.data_account_type_fixed_assets","l10n_tn.l10n_tn_pcg_chart_template","False"
"1_pcg_265800","Autres","265800","account.data_account_type_fixed_assets","l10n_tn.l10n_tn_pcg_chart_template","False"
"1_pcg_266100","Créances immobilisées","266100","account.data_account_type_fixed_assets","l10n_tn.l10n_tn_pcg_chart_template","False"
"1_pcg_266700","Créances diverses","266700","account.data_account_type_fixed_assets","l10n_tn.l10n_tn_pcg_chart_template","False"
"1_pcg_266800","Autres créances non courantes","266800","account.data_account_type_fixed_assets","l10n_tn.l10n_tn_pcg_chart_template","False"
"1_pcg_269000","Versements restant a effectuer sur titres immobilises non libérés","269000","account.data_account_type_fixed_assets","l10n_tn.l10n_tn_pcg_chart_template","False"
"1_pcg_271000","Frais préliminaires","271000","account.data_account_type_non_current_assets","l10n_tn.l10n_tn_pcg_chart_template","False"
"1_pcg_272000","Charges a repartir","272000","account.data_account_type_non_current_assets","l10n_tn.l10n_tn_pcg_chart_template","False"
"1_pcg_273000","Frais d’émission et primes de remboursement des emprunts","273000","account.data_account_type_non_current_assets","l10n_tn.l10n_tn_pcg_chart_template","False"
"1_pcg_275000","Écarts de conversion","275000","account.data_account_type_non_current_assets","l10n_tn.l10n_tn_pcg_chart_template","False"
"1_pcg_278000","Autres","278000","account.data_account_type_non_current_assets","l10n_tn.l10n_tn_pcg_chart_template","False"
"1_pcg_281000","Amortissements des immobilisations incorporelles (même ventilation que celle du compte 21)","281000","account.data_account_type_fixed_assets","l10n_tn.l10n_tn_pcg_chart_template","False"
"1_pcg_282000","Amortissements des immobilisations corporelles (même ventilation que celle du compte 22)","282000","account.data_account_type_fixed_assets","l10n_tn.l10n_tn_pcg_chart_template","False"
"1_pcg_284000","Amortissements des immobilisations a statut juridique particulier","284000","account.data_account_type_fixed_assets","l10n_tn.l10n_tn_pcg_chart_template","False"
"1_pcg_291000","Provisions pour dépréciation des immobilisations incorporelles (même ventilation que celle du compte 21)","291000","account.data_account_type_fixed_assets","l10n_tn.l10n_tn_pcg_chart_template","False"
"1_pcg_292000","Provisions pour dépréciation des immobilisations corporelles (même ventilation que celle du compte 22)","292000","account.data_account_type_fixed_assets","l10n_tn.l10n_tn_pcg_chart_template","False"
"1_pcg_293000","Provisions pour dépréciation des immobilisations en cours (même ventilation que celle du compte 23)","293000","account.data_account_type_fixed_assets","l10n_tn.l10n_tn_pcg_chart_template","False"
"1_pcg_294000","Provisions pour dépréciation des immobilisations a statut juridique particulier","294000","account.data_account_type_fixed_assets","l10n_tn.l10n_tn_pcg_chart_template","False"
"1_pcg_295000","Provisions pour dépréciation des participations et des créances liées a des participations (même ventilation que celle du compte","295000","account.data_account_type_fixed_assets","l10n_tn.l10n_tn_pcg_chart_template","False"
"1_pcg_296000","Provisions pour dépréciation des autres immobilisations financières (même ventilation que celle du compte 26)","296000","account.data_account_type_fixed_assets","l10n_tn.l10n_tn_pcg_chart_template","False"
"1_pcg_311000","Matières premières","311000","account.data_account_type_current_assets","l10n_tn.l10n_tn_pcg_chart_template","False"
"1_pcg_313000","Fournitures","313000","account.data_account_type_current_assets","l10n_tn.l10n_tn_pcg_chart_template","False"
"1_pcg_317000","Autres","317000","account.data_account_type_current_assets","l10n_tn.l10n_tn_pcg_chart_template","False"
"1_pcg_321000","Matières consommables","321000","account.data_account_type_current_assets","l10n_tn.l10n_tn_pcg_chart_template","False"
"1_pcg_322000","Fournitures consommables","322000","account.data_account_type_current_assets","l10n_tn.l10n_tn_pcg_chart_template","False"
"1_pcg_326000","Emballages","326000","account.data_account_type_current_assets","l10n_tn.l10n_tn_pcg_chart_template","False"
"1_pcg_327000","Autres","327000","account.data_account_type_current_assets","l10n_tn.l10n_tn_pcg_chart_template","False"
"1_pcg_331000","Produits en cours","331000","account.data_account_type_current_assets","l10n_tn.l10n_tn_pcg_chart_template","False"
"1_pcg_335000","Travaux en cours","335000","account.data_account_type_current_assets","l10n_tn.l10n_tn_pcg_chart_template","False"
"1_pcg_341000","Études en cours","341000","account.data_account_type_current_assets","l10n_tn.l10n_tn_pcg_chart_template","False"
"1_pcg_345000","Prestations de services en cours","345000","account.data_account_type_current_assets","l10n_tn.l10n_tn_pcg_chart_template","False"
"1_pcg_351000","Produits intermédiaires","351000","account.data_account_type_current_assets","l10n_tn.l10n_tn_pcg_chart_template","False"
"1_pcg_355000","Produits finis","355000","account.data_account_type_current_assets","l10n_tn.l10n_tn_pcg_chart_template","False"
"1_pcg_357000","Produits résiduels","357000","account.data_account_type_current_assets","l10n_tn.l10n_tn_pcg_chart_template","False"
"1_pcg_370000","Stocks de marchandises","370000","account.data_account_type_current_assets","l10n_tn.l10n_tn_pcg_chart_template","False"
"1_pcg_390000","Provisions pour dépréciation des stocks (a ventiler selon la nomenclature de cette classe)","390000","account.data_account_type_depreciation","l10n_tn.l10n_tn_pcg_chart_template","False"
"1_pcg_401100","Fournisseurs - achats de biens ou de prestations de services","401100","account.data_account_type_payable","l10n_tn.l10n_tn_pcg_chart_template","True"
"1_pcg_402000","Fournisseurs étrangers","402000","account.data_account_type_payable","l10n_tn.l10n_tn_pcg_chart_template","True"
"1_pcg_403000","Fournisseurs d'exploitation - effets a payer","403000","account.data_account_type_payable","l10n_tn.l10n_tn_pcg_chart_template","True"
"1_pcg_404100","Fournisseurs - achats d'immobilisations","404100","account.data_account_type_payable","l10n_tn.l10n_tn_pcg_chart_template","True"
"1_pcg_404700","Fournisseurs d'immobilisations - retenues de garantie","404700","account.data_account_type_payable","l10n_tn.l10n_tn_pcg_chart_template","True"
"1_pcg_404800","Fournisseurs d'immobilisations - effets a payer","404800","account.data_account_type_payable","l10n_tn.l10n_tn_pcg_chart_template","True"
"1_pcg_408100","Fournisseurs d'exploitation","408100","account.data_account_type_payable","l10n_tn.l10n_tn_pcg_chart_template","True"
"1_pcg_408400","Fournisseurs d'immobilisations","408400","account.data_account_type_payable","l10n_tn.l10n_tn_pcg_chart_template","True"
"1_pcg_408800","Fournisseurs – intérêts courus","408800","account.data_account_type_payable","l10n_tn.l10n_tn_pcg_chart_template","True"
"1_pcg_409100","Fournisseurs - avances et acomptes verses sur commandes","409100","account.data_account_type_payable","l10n_tn.l10n_tn_pcg_chart_template","True"
"1_pcg_409600","Fournisseurs - créances pour emballages et matériel a rendre","409600","account.data_account_type_payable","l10n_tn.l10n_tn_pcg_chart_template","True"
"1_pcg_409700","Fournisseurs - autres avoirs","409700","account.data_account_type_payable","l10n_tn.l10n_tn_pcg_chart_template","True"
"1_pcg_409710","Fournisseurs d'exploitation","409710","account.data_account_type_payable","l10n_tn.l10n_tn_pcg_chart_template","True"
"1_pcg_409740","Fournisseurs d'immobilisations","409740","account.data_account_type_payable","l10n_tn.l10n_tn_pcg_chart_template","True"
"1_pcg_409800","Rabais, remises, ristournes à obtenir et autres avoirs non encore reçus","409800","account.data_account_type_payable","l10n_tn.l10n_tn_pcg_chart_template","True"
"1_pcg_411100","Clients - ventes de biens ou de prestations de services","411100","account.data_account_type_receivable","l10n_tn.l10n_tn_pcg_chart_template","True"
"1_pcg_411700","Clients - retenues de garantie","411700","account.data_account_type_receivable","l10n_tn.l10n_tn_pcg_chart_template","True"
"1_pcg_413000","Clients - effets a recevoir","413000","account.data_account_type_receivable","l10n_tn.l10n_tn_pcg_chart_template","True"
"1_pcg_416000","Clients douteux ou litigieux","416000","account.data_account_type_receivable","l10n_tn.l10n_tn_pcg_chart_template","True"
"1_pcg_417000","Créances sur travaux non encore facturables","417000","account.data_account_type_receivable","l10n_tn.l10n_tn_pcg_chart_template","True"
"1_pcg_418000","Clients - produits non encore factures (produits a recevoir)","418000","account.data_account_type_receivable","l10n_tn.l10n_tn_pcg_chart_template","True"
"1_pcg_418100","Factures a établir","418100","account.data_account_type_receivable","l10n_tn.l10n_tn_pcg_chart_template","True"
"1_pcg_418800","Intérêts courus","418800","account.data_account_type_receivable","l10n_tn.l10n_tn_pcg_chart_template","True"
"1_pcg_419000","Clients créditeurs","419000","account.data_account_type_receivable","l10n_tn.l10n_tn_pcg_chart_template","True"
"1_pcg_419100","Clients - avances et acomptes reçus sur commandes","419100","account.data_account_type_receivable","l10n_tn.l10n_tn_pcg_chart_template","True"
"1_pcg_419600","Clients - dettes pour emballages et matériel consignes","419600","account.data_account_type_receivable","l10n_tn.l10n_tn_pcg_chart_template","True"
"1_pcg_419700","Clients - autres avoirs","419700","account.data_account_type_receivable","l10n_tn.l10n_tn_pcg_chart_template","True"
"1_pcg_419800","Rabais, remises, ristournes à accorder et autres avoirs à établir","419800","account.data_account_type_receivable","l10n_tn.l10n_tn_pcg_chart_template","True"
"1_pcg_421000","Personnel - avances et acomptes","421000","account.data_account_type_expenses","l10n_tn.l10n_tn_pcg_chart_template","False"
"1_pcg_422000","Comites d'entreprises et autres organes représentatifs du personnel","422000","account.data_account_type_expenses","l10n_tn.l10n_tn_pcg_chart_template","False"
"1_pcg_423000","Personnel, œuvres sociales","423000","account.data_account_type_expenses","l10n_tn.l10n_tn_pcg_chart_template","False"
"1_pcg_425000","Personnel – rémunérations dues","425000","account.data_account_type_expenses","l10n_tn.l10n_tn_pcg_chart_template","False"
"1_pcg_426000","Personnel – dépôts","426000","account.data_account_type_expenses","l10n_tn.l10n_tn_pcg_chart_template","False"
"1_pcg_427000","Personnel - oppositions","427000","account.data_account_type_expenses","l10n_tn.l10n_tn_pcg_chart_template","False"
"1_pcg_428200","Dettes provisionnées pour congés a payer","428200","account.data_account_type_expenses","l10n_tn.l10n_tn_pcg_chart_template","False"
"1_pcg_428600","Autres charges a payer","428600","account.data_account_type_expenses","l10n_tn.l10n_tn_pcg_chart_template","False"
"1_pcg_428700","Produits a recevoir","428700","account.data_account_type_expenses","l10n_tn.l10n_tn_pcg_chart_template","False"
"1_pcg_431000","État - subventions a recevoir","431000","account.data_account_type_receivable","l10n_tn.l10n_tn_pcg_chart_template","True"
"1_pcg_432000","État, Impôts et taxes retenus a la source","432000","account.data_account_type_non_current_assets","l10n_tn.l10n_tn_pcg_chart_template","False"
"1_pcg_432001","Retenue 5%","432001","account.data_account_type_non_current_assets","l10n_tn.l10n_tn_pcg_chart_template","False"
"1_pcg_432002","Impôt (déclaration mensuelle)","432002","account.data_account_type_non_current_assets","l10n_tn.l10n_tn_pcg_chart_template","False"
"1_pcg_432100","IRPP a payer","432100","account.data_account_type_non_current_assets","l10n_tn.l10n_tn_pcg_chart_template","False"
"1_pcg_433000","Opérations particulières avec l’état, les collectivités publiques, les organismes internationaux","433000","account.data_account_type_non_current_assets","l10n_tn.l10n_tn_pcg_chart_template","False"
"1_pcg_434100","Retenue a la source","434100","account.data_account_type_equity","l10n_tn.l10n_tn_pcg_chart_template","False"
"1_pcg_434200","Acomptes provisionnels","434200","account.data_account_type_equity","l10n_tn.l10n_tn_pcg_chart_template","False"
"1_pcg_434300","Impôt a liquider","434300","account.data_account_type_equity","l10n_tn.l10n_tn_pcg_chart_template","False"
"1_pcg_434900","Impôts différés","434900","account.data_account_type_equity","l10n_tn.l10n_tn_pcg_chart_template","False"
"1_pcg_435000","Obligations cautionnées","435000","account.data_account_type_equity","l10n_tn.l10n_tn_pcg_chart_template","False"
"1_pcg_436500","Taxes sur le chiffre d'affaires à décaisser","436500","account.data_account_type_non_current_assets","l10n_tn.l10n_tn_pcg_chart_template","False"
"1_pcg_436510","TVA sur autres biens et services","436510","account.data_account_type_non_current_assets","l10n_tn.l10n_tn_pcg_chart_template","False"
"1_pcg_436520","FODEC","436520","account.data_account_type_non_current_assets","l10n_tn.l10n_tn_pcg_chart_template","False"
"1_pcg_436580","Autres taxes sur le chiffre d'affaires","436580","account.data_account_type_equity","l10n_tn.l10n_tn_pcg_chart_template","False"
"1_pcg_436600","Taxes sur le chiffre d'affaires déductibles","436600","account.data_account_type_non_current_assets","l10n_tn.l10n_tn_pcg_chart_template","False"
"1_pcg_436620","TVA sur immobilisations","436620","account.data_account_type_non_current_assets","l10n_tn.l10n_tn_pcg_chart_template","False"
"1_pcg_4366200","TVA sur immobilisations 29%","4366200","account.data_account_type_non_current_assets","l10n_tn.l10n_tn_pcg_chart_template","False"
"1_pcg_4366201","TVA sur immobilisations 19%","4366201","account.data_account_type_non_current_assets","l10n_tn.l10n_tn_pcg_chart_template","False"
"1_pcg_4366202","TVA sur immobilisations 13%","4366202","account.data_account_type_non_current_assets","l10n_tn.l10n_tn_pcg_chart_template","False"
"1_pcg_4366203","TVA sur immobilisations 7%","4366203","account.data_account_type_non_current_assets","l10n_tn.l10n_tn_pcg_chart_template","False"
"1_pcg_436630","TVA transférée par d'autres entreprises","436630","account.data_account_type_non_current_assets","l10n_tn.l10n_tn_pcg_chart_template","False"
"1_pcg_436660","TVA sur autres biens et services","436660","account.data_account_type_non_current_assets","l10n_tn.l10n_tn_pcg_chart_template","False"
"1_pcg_4366600","TVA sur autres biens et services 29%","4366600","account.data_account_type_non_current_assets","l10n_tn.l10n_tn_pcg_chart_template","False"
"1_pcg_4366601","TVA sur autres biens et services 19%","4366601","account.data_account_type_non_current_assets","l10n_tn.l10n_tn_pcg_chart_template","False"
"1_pcg_4366602","TVA sur autres biens et services 13%","4366602","account.data_account_type_non_current_assets","l10n_tn.l10n_tn_pcg_chart_template","False"
"1_pcg_4366603","TVA sur autres biens et services 7%","4366603","account.data_account_type_non_current_assets","l10n_tn.l10n_tn_pcg_chart_template","False"
"1_pcg_436670","Crédit de TVA a reporter","436670","account.data_account_type_non_current_assets","l10n_tn.l10n_tn_pcg_chart_template","False"
"1_pcg_436680","Autres taxes sur le chiffre d'affaires","436680","account.data_account_type_non_current_assets","l10n_tn.l10n_tn_pcg_chart_template","False"
"1_pcg_436700","Taxes sur le chiffre d'affaires collectées par l'entreprise","436700","account.data_account_type_non_current_assets","l10n_tn.l10n_tn_pcg_chart_template","False"
"1_pcg_436710","TVA collectée","436710","account.data_account_type_equity","l10n_tn.l10n_tn_pcg_chart_template","False"
"1_pcg_436711","TVA collectée sur les débits","436711","account.data_account_type_equity","l10n_tn.l10n_tn_pcg_chart_template","False"
"1_pcg_4367110","TVA collectée sur les débits 29%","4367110","account.data_account_type_equity","l10n_tn.l10n_tn_pcg_chart_template","False"
"1_pcg_4367112","TVA collectée sur les débits 19%","4367112","account.data_account_type_equity","l10n_tn.l10n_tn_pcg_chart_template","False"
"1_pcg_4367114","TVA collectée sur les débits 13%","4367114","account.data_account_type_equity","l10n_tn.l10n_tn_pcg_chart_template","False"
"1_pcg_4367116","TVA collectée sur les débits 7%","4367116","account.data_account_type_equity","l10n_tn.l10n_tn_pcg_chart_template","False"
"1_pcg_436712","TVA collectée sur les encaissements","436712","account.data_account_type_equity","l10n_tn.l10n_tn_pcg_chart_template","False"
"1_pcg_4367120","TVA collectée sur les encaissements 29%","4367120","account.data_account_type_equity","l10n_tn.l10n_tn_pcg_chart_template","False"
"1_pcg_4367121","TVA collectée sur les encaissements 19%","4367121","account.data_account_type_equity","l10n_tn.l10n_tn_pcg_chart_template","False"
"1_pcg_4367122","TVA collectée sur les encaissements 13%","4367122","account.data_account_type_equity","l10n_tn.l10n_tn_pcg_chart_template","False"
"1_pcg_4367123","TVA collectée sur les encaissements 7%","4367123","account.data_account_type_equity","l10n_tn.l10n_tn_pcg_chart_template","False"
"1_pcg_436780","Autres taxes sur le chiffre d'affaires","436780","account.data_account_type_equity","l10n_tn.l10n_tn_pcg_chart_template","False"
"1_pcg_436800","Taxes sur le chiffre d'affaires à régulariser ou en attente","436800","account.data_account_type_equity","l10n_tn.l10n_tn_pcg_chart_template","False"
"1_pcg_437000","Autres impôts, taxes et versements assimiles","437000","account.data_account_type_equity","l10n_tn.l10n_tn_pcg_chart_template","False"
"1_pcg_438200","Charges fiscales sur congés a payer","438200","account.data_account_type_equity","l10n_tn.l10n_tn_pcg_chart_template","False"
"1_pcg_438600","Autres charges a payer","438600","account.data_account_type_equity","l10n_tn.l10n_tn_pcg_chart_template","False"
"1_pcg_438700","Produits a recevoir","438700","account.data_account_type_non_current_assets","l10n_tn.l10n_tn_pcg_chart_template","False"
"1_pcg_441100","Créances et intérêts courus","441100","account.data_account_type_receivable","l10n_tn.l10n_tn_pcg_chart_template","True"
"1_pcg_441200","Dettes et intérêts a payer","441200","account.data_account_type_receivable","l10n_tn.l10n_tn_pcg_chart_template","True"
"1_pcg_442100","Principal","442100","account.data_account_type_payable","l10n_tn.l10n_tn_pcg_chart_template","True"
"1_pcg_442800","Intérêts courus","442800","account.data_account_type_payable","l10n_tn.l10n_tn_pcg_chart_template","True"
"1_pcg_446000","Associes – opérations sur le capital","446000","account.data_account_type_receivable","l10n_tn.l10n_tn_pcg_chart_template","True"
"1_pcg_447000","Associes - dividendes a payer","447000","account.data_account_type_receivable","l10n_tn.l10n_tn_pcg_chart_template","True"
"1_pcg_448100","Opérations courantes","448100","account.data_account_type_receivable","l10n_tn.l10n_tn_pcg_chart_template","True"
"1_pcg_448800","Intérêts courus","448800","account.data_account_type_receivable","l10n_tn.l10n_tn_pcg_chart_template","True"
"1_pcg_452000","Créances sur cessions d'immobilisations","452000","account.data_account_type_receivable","l10n_tn.l10n_tn_pcg_chart_template","True"
"1_pcg_453100","CNSS","453100","account.data_account_type_equity","l10n_tn.l10n_tn_pcg_chart_template","False"
"1_pcg_453110","organisme social","453110","account.data_account_type_equity","l10n_tn.l10n_tn_pcg_chart_template","False"
"1_pcg_453180","Autres","453180","account.data_account_type_equity","l10n_tn.l10n_tn_pcg_chart_template","False"
"1_pcg_453800","Organismes sociaux - charges a payer et produits à recevoir","453800","account.data_account_type_equity","l10n_tn.l10n_tn_pcg_chart_template","False"
"1_pcg_453820","Charges sociales sur congés à payer","453820","account.data_account_type_equity","l10n_tn.l10n_tn_pcg_chart_template","False"
"1_pcg_453860","Autres charges a payer","453860","account.data_account_type_equity","l10n_tn.l10n_tn_pcg_chart_template","False"
"1_pcg_453870","Produits a recevoir","453870","account.data_account_type_receivable","l10n_tn.l10n_tn_pcg_chart_template","True"
"1_pcg_454000","Dettes sur acquisitions de valeurs mobilières de placement","454000","account.data_account_type_equity","l10n_tn.l10n_tn_pcg_chart_template","False"
"1_pcg_455000","Créances sur cessions de valeurs mobilières de placement","455000","account.data_account_type_receivable","l10n_tn.l10n_tn_pcg_chart_template","True"
"1_pcg_457000","Autres comptes débiteurs ou créditeurs","457000","account.data_account_type_equity","l10n_tn.l10n_tn_pcg_chart_template","False"
"1_pcg_458600","Charges a payer","458600","account.data_account_type_equity","l10n_tn.l10n_tn_pcg_chart_template","False"
"1_pcg_458700","Produits a recevoir","458700","account.data_account_type_receivable","l10n_tn.l10n_tn_pcg_chart_template","True"
"1_pcg_461000","Compte d'attente","461000","account.data_account_type_receivable","l10n_tn.l10n_tn_pcg_chart_template","True"
"1_pcg_465100","Différences de conversion actif","465100","account.data_account_type_equity","l10n_tn.l10n_tn_pcg_chart_template","False"
"1_pcg_465200","Différences de conversion passif","465200","account.data_account_type_equity","l10n_tn.l10n_tn_pcg_chart_template","False"
"1_pcg_468000","Autres comptes transitoires","468000","account.data_account_type_equity","l10n_tn.l10n_tn_pcg_chart_template","False"
"1_pcg_471000","Charges constatées d'avance","471000","account.data_account_type_receivable","l10n_tn.l10n_tn_pcg_chart_template","True"
"1_pcg_472000","Produits constates d'avance","472000","account.data_account_type_equity","l10n_tn.l10n_tn_pcg_chart_template","False"
"1_pcg_478600","Charges","478600","account.data_account_type_equity","l10n_tn.l10n_tn_pcg_chart_template","False"
"1_pcg_478700","Produits","478700","account.data_account_type_receivable","l10n_tn.l10n_tn_pcg_chart_template","True"
"1_pcg_480000","Provisions courantes pour risques et charges","480000","account.data_account_type_equity","l10n_tn.l10n_tn_pcg_chart_template","False"
"1_pcg_491000","Provisions pour dépréciation des comptes clients","491000","account.data_account_type_equity","l10n_tn.l10n_tn_pcg_chart_template","False"
"1_pcg_494100","Comptes du groupe","494100","account.data_account_type_equity","l10n_tn.l10n_tn_pcg_chart_template","False"
"1_pcg_494200","Comptes courants des associes","494200","account.data_account_type_equity","l10n_tn.l10n_tn_pcg_chart_template","False"
"1_pcg_494800","Opérations faites en commun","494800","account.data_account_type_equity","l10n_tn.l10n_tn_pcg_chart_template","False"
"1_pcg_495000","Provisions pour dépréciation des comptes de débiteurs divers","495000","account.data_account_type_equity","l10n_tn.l10n_tn_pcg_chart_template","False"
"1_pcg_495200","Créances sur cession d'immobilisation","495200","account.data_account_type_receivable","l10n_tn.l10n_tn_pcg_chart_template","True"
"1_pcg_495500","Créances sur cession des valeurs mobilières de placement","495500","account.data_account_type_receivable","l10n_tn.l10n_tn_pcg_chart_template","True"
"1_pcg_495700","Autres comptes débiteurs","495700","account.data_account_type_receivable","l10n_tn.l10n_tn_pcg_chart_template","True"
"1_pcg_501000","Emprunts courants lies au cycle d'exploitation","501000","account.data_account_type_liquidity","l10n_tn.l10n_tn_pcg_chart_template","False"
"1_pcg_505000","Échéances a moins d'un an sur emprunts non courants","505000","account.data_account_type_liquidity","l10n_tn.l10n_tn_pcg_chart_template","False"
"1_pcg_506100","Crédit de mobilisation de créances commerciales","506100","account.data_account_type_liquidity","l10n_tn.l10n_tn_pcg_chart_template","False"
"1_pcg_506300","Mobilisation de créances nées a l’étranger","506300","account.data_account_type_liquidity","l10n_tn.l10n_tn_pcg_chart_template","False"
"1_pcg_506700","Autres concours bancaires","506700","account.data_account_type_liquidity","l10n_tn.l10n_tn_pcg_chart_template","False"
"1_pcg_507000","Emprunts échus et impayés","507000","account.data_account_type_liquidity","l10n_tn.l10n_tn_pcg_chart_template","False"
"1_pcg_508000","Intérêts courus (a subdiviser selon la même ventilation que le compte 50)","508000","account.data_account_type_liquidity","l10n_tn.l10n_tn_pcg_chart_template","False"
"1_pcg_511000","Prêts courants lies au cycle d'exploitation","511000","account.data_account_type_liquidity","l10n_tn.l10n_tn_pcg_chart_template","False"
"1_pcg_516000","Échéances a moins d'un an sur prêts non courants","516000","account.data_account_type_liquidity","l10n_tn.l10n_tn_pcg_chart_template","False"
"1_pcg_517000","Échéances a moins d'un an sur autres créances financières","517000","account.data_account_type_liquidity","l10n_tn.l10n_tn_pcg_chart_template","False"
"1_pcg_518000","Intérêts courus","518000","account.data_account_type_liquidity","l10n_tn.l10n_tn_pcg_chart_template","False"
"1_pcg_523000","Actions","523000","account.data_account_type_liquidity","l10n_tn.l10n_tn_pcg_chart_template","False"
"1_pcg_523100","Titres cotes","523100","account.data_account_type_liquidity","l10n_tn.l10n_tn_pcg_chart_template","False"
"1_pcg_523500","Titres non cotes","523500","account.data_account_type_liquidity","l10n_tn.l10n_tn_pcg_chart_template","False"
"1_pcg_524000","Autres titres conférant un droit de propriété","524000","account.data_account_type_liquidity","l10n_tn.l10n_tn_pcg_chart_template","False"
"1_pcg_525000","Obligations et bons émis par la société et rachetés par elle","525000","account.data_account_type_liquidity","l10n_tn.l10n_tn_pcg_chart_template","False"
"1_pcg_526100","Titres cotes","526100","account.data_account_type_liquidity","l10n_tn.l10n_tn_pcg_chart_template","False"
"1_pcg_526500","Titres non cotes","526500","account.data_account_type_liquidity","l10n_tn.l10n_tn_pcg_chart_template","False"
"1_pcg_526600","Échéances a moins d'un an sur les obligations immobilisées","526600","account.data_account_type_liquidity","l10n_tn.l10n_tn_pcg_chart_template","False"
"1_pcg_527000","Bons du trésor et bons de caisse a court terme","527000","account.data_account_type_liquidity","l10n_tn.l10n_tn_pcg_chart_template","False"
"1_pcg_528100","Autres valeurs mobilières","528100","account.data_account_type_liquidity","l10n_tn.l10n_tn_pcg_chart_template","False"
"1_pcg_528800","Intérêts courus sur obligations, bons et valeurs assimilées","528800","account.data_account_type_liquidity","l10n_tn.l10n_tn_pcg_chart_template","False"
"1_pcg_529000","Versements restant a effectuer sur valeurs mobilières de placement non libérées","529000","account.data_account_type_liquidity","l10n_tn.l10n_tn_pcg_chart_template","False"
"1_pcg_531100","Coupons échus a l'encaissement","531100","account.data_account_type_liquidity","l10n_tn.l10n_tn_pcg_chart_template","False"
"1_pcg_531200","Chèques a encaisser","531200","account.data_account_type_liquidity","l10n_tn.l10n_tn_pcg_chart_template","False"
"1_pcg_531400","Effets a l'escompte","531400","account.data_account_type_liquidity","l10n_tn.l10n_tn_pcg_chart_template","False"
"1_pcg_532000","Banque","532000","account.data_account_type_liquidity","l10n_tn.l10n_tn_pcg_chart_template","False"
"1_pcg_5320001","Liquidités","5320001","account.data_account_type_liquidity","l10n_tn.l10n_tn_pcg_chart_template","False"
"1_pcg_5320002","Banque","5320002","account.data_account_type_liquidity","l10n_tn.l10n_tn_pcg_chart_template","False"
"1_pcg_534000","CCP","534000","account.data_account_type_liquidity","l10n_tn.l10n_tn_pcg_chart_template","False"
"1_pcg_535000","Comptes au trésor","535000","account.data_account_type_liquidity","l10n_tn.l10n_tn_pcg_chart_template","False"
"1_pcg_537000","Autres organismes financiers","537000","account.data_account_type_liquidity","l10n_tn.l10n_tn_pcg_chart_template","False"
"1_pcg_541100","Caisse en dinars","541100","account.data_account_type_liquidity","l10n_tn.l10n_tn_pcg_chart_template","False"
"1_pcg_541400","Caisse en devises","541400","account.data_account_type_liquidity","l10n_tn.l10n_tn_pcg_chart_template","False"
"1_pcg_542000","Caisses succursales","542000","account.data_account_type_liquidity","l10n_tn.l10n_tn_pcg_chart_template","False"
"1_pcg_550000","Régies d'avances et accréditifs","550000","account.data_account_type_liquidity","l10n_tn.l10n_tn_pcg_chart_template","False"
"1_pcg_580000","Virements internes","580000","account.data_account_type_liquidity","l10n_tn.l10n_tn_pcg_chart_template","False"
"1_pcg_580001","Transfert de liquidités","580001","account.data_account_type_current_assets","l10n_tn.l10n_tn_pcg_chart_template","False"
"1_pcg_590000","Provisions pour dépréciation des comptes financiers (Même ventilation que les comptes de la classe 5)","590000","account.data_account_type_liquidity","l10n_tn.l10n_tn_pcg_chart_template","False"
"1_pcg_601000","Achats stockes - Matières premières et fournitures liées","601000","account.data_account_type_expenses","l10n_tn.l10n_tn_pcg_chart_template","False"
"1_pcg_602100","Matières consommables","602100","account.data_account_type_expenses","l10n_tn.l10n_tn_pcg_chart_template","False"
"1_pcg_602200","Fournitures consommables","602200","account.data_account_type_expenses","l10n_tn.l10n_tn_pcg_chart_template","False"
"1_pcg_602300","FRAIS DE COMMUNICATION","602300","account.data_account_type_expenses","l10n_tn.l10n_tn_pcg_chart_template","False"
"1_pcg_602600","Emballages","602600","account.data_account_type_expenses","l10n_tn.l10n_tn_pcg_chart_template","False"
"1_pcg_603000","Variation des stocks (approvisionnements et marchandises)","603000","account.data_account_type_expenses","l10n_tn.l10n_tn_pcg_chart_template","False"
"1_pcg_603100","Variation des stocks de matières premières (et fournitures)","603100","account.data_account_type_expenses","l10n_tn.l10n_tn_pcg_chart_template","False"
"1_pcg_603200","Variation des stocks des autres approvisionnements","603200","account.data_account_type_expenses","l10n_tn.l10n_tn_pcg_chart_template","False"
"1_pcg_603700","Variation des stocks de marchandises","603700","account.data_account_type_expenses","l10n_tn.l10n_tn_pcg_chart_template","False"
"1_pcg_604000","Achats d’études et de prestations de services (y compris achat de sous-traitance de production)","604000","account.data_account_type_expenses","l10n_tn.l10n_tn_pcg_chart_template","False"
"1_pcg_605000","Achats de matériel, équipements et travaux","605000","account.data_account_type_expenses","l10n_tn.l10n_tn_pcg_chart_template","False"
"1_pcg_605100","Taxes Douanes","605100","account.data_account_type_expenses","l10n_tn.l10n_tn_pcg_chart_template","False"
"1_pcg_605200","Fret et débarquement","605200","account.data_account_type_expenses","l10n_tn.l10n_tn_pcg_chart_template","False"
"1_pcg_605300","Magasinage","605300","account.data_account_type_expenses","l10n_tn.l10n_tn_pcg_chart_template","False"
"1_pcg_606000","Achats non stockes de matières et fournitures","606000","account.data_account_type_expenses","l10n_tn.l10n_tn_pcg_chart_template","False"
"1_pcg_606001","Frais alimentation","606001","account.data_account_type_expenses","l10n_tn.l10n_tn_pcg_chart_template","False"
"1_pcg_606002","Frais électricité","606002","account.data_account_type_expenses","l10n_tn.l10n_tn_pcg_chart_template","False"
"1_pcg_606003","Frais divers","606003","account.data_account_type_expenses","l10n_tn.l10n_tn_pcg_chart_template","False"
"1_pcg_606004","Frais Eaux","606004","account.data_account_type_expenses","l10n_tn.l10n_tn_pcg_chart_template","False"
"1_pcg_607000","Achats de marchandises","607000","account.data_account_type_expenses","l10n_tn.l10n_tn_pcg_chart_template","False"
"1_pcg_607001","Frais GAZOIL","607001","account.data_account_type_expenses","l10n_tn.l10n_tn_pcg_chart_template","False"
"1_pcg_608000","Achats lies a une modification comptable a prendre en compte dans le résultat de l'exercice ou a une activité abandonnée","608000","account.data_account_type_expenses","l10n_tn.l10n_tn_pcg_chart_template","False"
"1_pcg_609000","Rabais, remises et ristournes obtenus sur achats","609000","account.data_account_type_expenses","l10n_tn.l10n_tn_pcg_chart_template","False"
"1_pcg_609800","Lies a une modification comptable a prendre en compte dans le résultat de l'exercice ou a une activité abandonnée","609800","account.data_account_type_expenses","l10n_tn.l10n_tn_pcg_chart_template","False"
"1_pcg_611000","Sous-traitance générale","611000","account.data_account_type_expenses","l10n_tn.l10n_tn_pcg_chart_template","False"
"1_pcg_612000","Redevances pour utilisation d'immobilisations concédées","612000","account.data_account_type_expenses","l10n_tn.l10n_tn_pcg_chart_template","False"
"1_pcg_613000","Locations (y compris malis sur emballages)","613000","account.data_account_type_expenses","l10n_tn.l10n_tn_pcg_chart_template","False"
"1_pcg_613500","Location de voiture","613500","account.data_account_type_expenses","l10n_tn.l10n_tn_pcg_chart_template","False"
"1_pcg_613600","Location Chariot élévateur","613600","account.data_account_type_expenses","l10n_tn.l10n_tn_pcg_chart_template","False"
"1_pcg_614000","Charges locatives et de copropriété","614000","account.data_account_type_expenses","l10n_tn.l10n_tn_pcg_chart_template","False"
"1_pcg_614100","Syndique","614100","account.data_account_type_expenses","l10n_tn.l10n_tn_pcg_chart_template","False"
"1_pcg_615000","Entretien et repartions","615000","account.data_account_type_expenses","l10n_tn.l10n_tn_pcg_chart_template","False"
"1_pcg_615300","Entretient véhicule","615300","account.data_account_type_expenses","l10n_tn.l10n_tn_pcg_chart_template","False"
"1_pcg_616000","Primes d'assurances","616000","account.data_account_type_expenses","l10n_tn.l10n_tn_pcg_chart_template","False"
"1_pcg_617000","Études, recherches et divers services extérieurs","617000","account.data_account_type_expenses","l10n_tn.l10n_tn_pcg_chart_template","False"
"1_pcg_617001","Installation et maintenance Logiciels","617001","account.data_account_type_expenses","l10n_tn.l10n_tn_pcg_chart_template","False"
"1_pcg_618000","Autres charges liées a une modification comptable a prendre en compte dans le résultat de l'exercice ou a une activité abandonnée","618000","account.data_account_type_expenses","l10n_tn.l10n_tn_pcg_chart_template","False"
"1_pcg_619000","Rabais, remises et ristournes obtenus sur services extérieurs","619000","account.data_account_type_expenses","l10n_tn.l10n_tn_pcg_chart_template","False"
"1_pcg_621000","Personnel extérieur a l'entreprise","621000","account.data_account_type_expenses","l10n_tn.l10n_tn_pcg_chart_template","False"
"1_pcg_622000","Rémunération d'intermédiaires et honoraires","622000","account.data_account_type_expenses","l10n_tn.l10n_tn_pcg_chart_template","False"
"1_pcg_622002","honoraire transitaire","622002","account.data_account_type_expenses","l10n_tn.l10n_tn_pcg_chart_template","False"
"1_pcg_622004","honoraire avocat","622004","account.data_account_type_expenses","l10n_tn.l10n_tn_pcg_chart_template","False"
"1_pcg_622005","frais transitaire divers","622005","account.data_account_type_expenses","l10n_tn.l10n_tn_pcg_chart_template","False"
"1_pcg_623000","Publicité, publications, relations publiques","623000","account.data_account_type_expenses","l10n_tn.l10n_tn_pcg_chart_template","False"
"1_pcg_624001","Taxe Autoroutes","624001","account.data_account_type_expenses","l10n_tn.l10n_tn_pcg_chart_template","False"
"1_pcg_624100","Transports sur achats","624100","account.data_account_type_expenses","l10n_tn.l10n_tn_pcg_chart_template","False"
"1_pcg_624200","Transports sur ventes","624200","account.data_account_type_expenses","l10n_tn.l10n_tn_pcg_chart_template","False"
"1_pcg_624400","Transports administratifs","624400","account.data_account_type_expenses","l10n_tn.l10n_tn_pcg_chart_template","False"
"1_pcg_624500","Transport matériels","624500","account.data_account_type_expenses","l10n_tn.l10n_tn_pcg_chart_template","False"
"1_pcg_624700","Transports collectifs du personnel","624700","account.data_account_type_expenses","l10n_tn.l10n_tn_pcg_chart_template","False"
"1_pcg_624800","Divers","624800","account.data_account_type_expenses","l10n_tn.l10n_tn_pcg_chart_template","False"
"1_pcg_625100","Voyages et déplacements","625100","account.data_account_type_expenses","l10n_tn.l10n_tn_pcg_chart_template","False"
"1_pcg_625200","Frais hôtels","625200","account.data_account_type_expenses","l10n_tn.l10n_tn_pcg_chart_template","False"
"1_pcg_625500","Frais de déménagement","625500","account.data_account_type_expenses","l10n_tn.l10n_tn_pcg_chart_template","False"
"1_pcg_625600","Missions","625600","account.data_account_type_expenses","l10n_tn.l10n_tn_pcg_chart_template","False"
"1_pcg_625700","Réceptions","625700","account.data_account_type_expenses","l10n_tn.l10n_tn_pcg_chart_template","False"
"1_pcg_626000","Frais postaux et frais de télécommunications","626000","account.data_account_type_expenses","l10n_tn.l10n_tn_pcg_chart_template","False"
"1_pcg_626100","Frais de communication","626100","account.data_account_type_expenses","l10n_tn.l10n_tn_pcg_chart_template","False"
"1_pcg_626200","Frais postaux","626200","account.data_account_type_expenses","l10n_tn.l10n_tn_pcg_chart_template","False"
"1_pcg_626300","Frais Internet","626300","account.data_account_type_expenses","l10n_tn.l10n_tn_pcg_chart_template","False"
"1_pcg_627100","Frais sur titres (achats, vente, garde)","627100","account.data_account_type_expenses","l10n_tn.l10n_tn_pcg_chart_template","False"
"1_pcg_627200","Commissions et frais sur émission d'emprunts","627200","account.data_account_type_expenses","l10n_tn.l10n_tn_pcg_chart_template","False"
"1_pcg_627500","Frais sur effets","627500","account.data_account_type_expenses","l10n_tn.l10n_tn_pcg_chart_template","False"
"1_pcg_627600","Location de coffres","627600","account.data_account_type_expenses","l10n_tn.l10n_tn_pcg_chart_template","False"
"1_pcg_627800","Autres frais et commissions sur prestations de services","627800","account.data_account_type_expenses","l10n_tn.l10n_tn_pcg_chart_template","False"
"1_pcg_628000","Autres services extérieurs lies a une modification comptable a prendre en compte dans le résultat de l'exercice ou a une activité","628000","account.data_account_type_expenses","l10n_tn.l10n_tn_pcg_chart_template","False"
"1_pcg_629000","Rabais, remises et ristournes obtenus sur autres services extérieurs","629000","account.data_account_type_expenses","l10n_tn.l10n_tn_pcg_chart_template","False"
"1_pcg_631000","Redevances pour concessions de marques, brevets, licences, procédés, droits et valeurs similaires","631000","account.data_account_type_expenses","l10n_tn.l10n_tn_pcg_chart_template","False"
"1_pcg_633000","Jetons de présence","633000","account.data_account_type_expenses","l10n_tn.l10n_tn_pcg_chart_template","False"
"1_pcg_634100","Créances de l'exercice","634100","account.data_account_type_expenses","l10n_tn.l10n_tn_pcg_chart_template","False"
"1_pcg_634400","Créances des exercices antérieurs","634400","account.data_account_type_expenses","l10n_tn.l10n_tn_pcg_chart_template","False"
"1_pcg_635100","Quote-part de bénéfice transférée (comptabilité du gérant)","635100","account.data_account_type_expenses","l10n_tn.l10n_tn_pcg_chart_template","False"
"1_pcg_635500","Quote-part de perte supportée (comptabilité des associes non gérants)","635500","account.data_account_type_expenses","l10n_tn.l10n_tn_pcg_chart_template","False"
"1_pcg_636000","Charges nettes sur cessions d'immobilisations et autres pertes sur éléments non récurrents ou exceptionnels","636000","account.data_account_type_expenses","l10n_tn.l10n_tn_pcg_chart_template","False"
"1_pcg_637000","Réduction de valeur","637000","account.data_account_type_expenses","l10n_tn.l10n_tn_pcg_chart_template","False"
"1_pcg_638000","Charges diverses ordinaires liées a une modification comptable a prendre en compte dans le résultat de l'exercice ou a une activité","638000","account.data_account_type_expenses","l10n_tn.l10n_tn_pcg_chart_template","False"
"1_pcg_640000","Salaires","640000","account.data_account_type_expenses","l10n_tn.l10n_tn_pcg_chart_template","False"
"1_pcg_640001","Indemnités de transport","640001","account.data_account_type_expenses","l10n_tn.l10n_tn_pcg_chart_template","False"
"1_pcg_640002","Indemnités de présences","640002","account.data_account_type_expenses","l10n_tn.l10n_tn_pcg_chart_template","False"
"1_pcg_640003","Frais affiliation CNSS","640003","account.data_account_type_expenses","l10n_tn.l10n_tn_pcg_chart_template","False"
"1_pcg_640100","Heures supplémentaires","640100","account.data_account_type_expenses","l10n_tn.l10n_tn_pcg_chart_template","False"
"1_pcg_640200","Primes","640200","account.data_account_type_expenses","l10n_tn.l10n_tn_pcg_chart_template","False"
"1_pcg_640400","Avantages en nature","640400","account.data_account_type_expenses","l10n_tn.l10n_tn_pcg_chart_template","False"
"1_pcg_640900","Autres compléments de salaires","640900","account.data_account_type_expenses","l10n_tn.l10n_tn_pcg_chart_template","False"
"1_pcg_642000","Appointements","642000","account.data_account_type_expenses","l10n_tn.l10n_tn_pcg_chart_template","False"
"1_pcg_642100","Heures supplémentaires","642100","account.data_account_type_expenses","l10n_tn.l10n_tn_pcg_chart_template","False"
"1_pcg_642200","Primes","642200","account.data_account_type_expenses","l10n_tn.l10n_tn_pcg_chart_template","False"
"1_pcg_642300","Gratifications","642300","account.data_account_type_expenses","l10n_tn.l10n_tn_pcg_chart_template","False"
"1_pcg_642400","Avantages en nature","642400","account.data_account_type_expenses","l10n_tn.l10n_tn_pcg_chart_template","False"
"1_pcg_643000","Indemnités représentatives de frais","643000","account.data_account_type_expenses","l10n_tn.l10n_tn_pcg_chart_template","False"
"1_pcg_644000","Commissions sur achats","644000","account.data_account_type_expenses","l10n_tn.l10n_tn_pcg_chart_template","False"
"1_pcg_644100","Commissions sur ventes","644100","account.data_account_type_expenses","l10n_tn.l10n_tn_pcg_chart_template","False"
"1_pcg_645000","Réménuration des administrateurs, gérants et associes","645000","account.data_account_type_expenses","l10n_tn.l10n_tn_pcg_chart_template","False"
"1_pcg_646000","Charges connexes aux salaires","646000","account.data_account_type_expenses","l10n_tn.l10n_tn_pcg_chart_template","False"
"1_pcg_646010","Congés payes","646010","account.data_account_type_expenses","l10n_tn.l10n_tn_pcg_chart_template","False"
"1_pcg_646020","Indemnités de préavis et de licenciements (gratification de fin de service)","646020","account.data_account_type_expenses","l10n_tn.l10n_tn_pcg_chart_template","False"
"1_pcg_646040","Supplément familial","646040","account.data_account_type_expenses","l10n_tn.l10n_tn_pcg_chart_template","False"
"1_pcg_646200","Charges connexes aux appointements","646200","account.data_account_type_expenses","l10n_tn.l10n_tn_pcg_chart_template","False"
"1_pcg_646210","Congés payés","646210","account.data_account_type_expenses","l10n_tn.l10n_tn_pcg_chart_template","False"
"1_pcg_646220","Indemnités de préavis et de licenciement (gratification de fin de service)","646220","account.data_account_type_expenses","l10n_tn.l10n_tn_pcg_chart_template","False"
"1_pcg_646400","Charges connexes aux commissions","646400","account.data_account_type_expenses","l10n_tn.l10n_tn_pcg_chart_template","False"
"1_pcg_646410","Congés payés","646410","account.data_account_type_expenses","l10n_tn.l10n_tn_pcg_chart_template","False"
"1_pcg_646420","Indemnités de préavis et de licenciement (gratification de fin de service)","646420","account.data_account_type_expenses","l10n_tn.l10n_tn_pcg_chart_template","False"
"1_pcg_646440","Supplément familial","646440","account.data_account_type_expenses","l10n_tn.l10n_tn_pcg_chart_template","False"
"1_pcg_646500","Charges connexes aux rémunérations des administrateurs et gérants","646500","account.data_account_type_expenses","l10n_tn.l10n_tn_pcg_chart_template","False"
"1_pcg_646510","Congés payés","646510","account.data_account_type_expenses","l10n_tn.l10n_tn_pcg_chart_template","False"
"1_pcg_646520","Indemnités de préavis et de licenciement","646520","account.data_account_type_expenses","l10n_tn.l10n_tn_pcg_chart_template","False"
"1_pcg_646540","Supplément familial","646540","account.data_account_type_expenses","l10n_tn.l10n_tn_pcg_chart_template","False"
"1_pcg_647000","Cotisations de sécurité sociale sur salaires","647000","account.data_account_type_expenses","l10n_tn.l10n_tn_pcg_chart_template","False"
"1_pcg_647001","Accident de travail","647001","account.data_account_type_expenses","l10n_tn.l10n_tn_pcg_chart_template","False"
"1_pcg_647200","Cotisations de sécurité sociale sur appointements","647200","account.data_account_type_expenses","l10n_tn.l10n_tn_pcg_chart_template","False"
"1_pcg_647400","Cotisations de sécurité sociale sur commissions","647400","account.data_account_type_expenses","l10n_tn.l10n_tn_pcg_chart_template","False"
"1_pcg_647500","Cotisations de sécurité sociale sur rémunérations des administrateurs et gérants","647500","account.data_account_type_expenses","l10n_tn.l10n_tn_pcg_chart_template","False"
"1_pcg_647600","Prestations directes","647600","account.data_account_type_expenses","l10n_tn.l10n_tn_pcg_chart_template","False"
"1_pcg_648000","Charges de personnel liées a une modification comptable a imputer au résultat de l'exercice ou a une activité abandonnée","648000","account.data_account_type_expenses","l10n_tn.l10n_tn_pcg_chart_template","False"
"1_pcg_649000","Autres charges de personnel","649000","account.data_account_type_expenses","l10n_tn.l10n_tn_pcg_chart_template","False"
"1_pcg_649500","Au très charges sociales","649500","account.data_account_type_expenses","l10n_tn.l10n_tn_pcg_chart_template","False"
"1_pcg_651100","Intérêts des emprunts et dettes","651100","account.data_account_type_expenses","l10n_tn.l10n_tn_pcg_chart_template","False"
"1_pcg_651160","Des emprunts et dettes assimilées","651160","account.data_account_type_expenses","l10n_tn.l10n_tn_pcg_chart_template","False"
"1_pcg_651170","Des dettes rattachées a des participations","651170","account.data_account_type_expenses","l10n_tn.l10n_tn_pcg_chart_template","False"
"1_pcg_651500","Intérêts des comptes courants et des dépôts créditeurs","651500","account.data_account_type_expenses","l10n_tn.l10n_tn_pcg_chart_template","False"
"1_pcg_651600","Intérêts bancaires et sur opérations de financement","651600","account.data_account_type_expenses","l10n_tn.l10n_tn_pcg_chart_template","False"
"1_pcg_651700","Intérêts des obligations cautionnées","651700","account.data_account_type_expenses","l10n_tn.l10n_tn_pcg_chart_template","False"
"1_pcg_651800","Intérêts des autres dettes (y compris les pénalités et intérêts de retard sur emprunts)","651800","account.data_account_type_expenses","l10n_tn.l10n_tn_pcg_chart_template","False"
"1_pcg_653000","Pertes sur créances liées a des participations","653000","account.data_account_type_expenses","l10n_tn.l10n_tn_pcg_chart_template","False"
"1_pcg_654000","Escomptes accordes","654000","account.data_account_type_expenses","l10n_tn.l10n_tn_pcg_chart_template","False"
"1_pcg_655000","Pertes de change","655000","account.data_account_type_expenses","l10n_tn.l10n_tn_pcg_chart_template","False"
"1_pcg_656000","Charges nettes sur cessions de valeurs mobilières","656000","account.data_account_type_expenses","l10n_tn.l10n_tn_pcg_chart_template","False"
"1_pcg_657000","Autres charges financières","657000","account.data_account_type_expenses","l10n_tn.l10n_tn_pcg_chart_template","False"
"1_pcg_658000","Charges financières liées a une modification comptable a imputer au résultat de l'exercice ou a une activité abandonnée","658000","account.data_account_type_expenses","l10n_tn.l10n_tn_pcg_chart_template","False"
"1_pcg_661100","TFP","661100","account.data_account_type_expenses","l10n_tn.l10n_tn_pcg_chart_template","False"
"1_pcg_661200","FOPROLOS","661200","account.data_account_type_expenses","l10n_tn.l10n_tn_pcg_chart_template","False"
"1_pcg_661800","Autres","661800","account.data_account_type_expenses","l10n_tn.l10n_tn_pcg_chart_template","False"
"1_pcg_665100","Impôts et taxes divers (sauf impôts sur les bénéfices)","665100","account.data_account_type_expenses","l10n_tn.l10n_tn_pcg_chart_template","False"
"1_pcg_665200","Taxes sur le chiffre d'affaires non récupérables","665200","account.data_account_type_expenses","l10n_tn.l10n_tn_pcg_chart_template","False"
"1_pcg_665300","Pénalités de retard","665300","account.data_account_type_expenses","l10n_tn.l10n_tn_pcg_chart_template","False"
"1_pcg_665400","Droits d'enregistrement et de timbre","665400","account.data_account_type_expenses","l10n_tn.l10n_tn_pcg_chart_template","False"
"1_pcg_665500","Taxes sur les véhicules","665500","account.data_account_type_expenses","l10n_tn.l10n_tn_pcg_chart_template","False"
"1_pcg_665800","Autres droits","665800","account.data_account_type_expenses","l10n_tn.l10n_tn_pcg_chart_template","False"
"1_pcg_668000","Impôts et taxes lies a une modification comptable a imputer au résultat de l'exercice ou a une activité abandonnée","668000","account.data_account_type_expenses","l10n_tn.l10n_tn_pcg_chart_template","False"
"1_pcg_670000","Pertes extraordinaires","670000","account.data_account_type_expenses","l10n_tn.l10n_tn_pcg_chart_template","False"
"1_pcg_681110","Immobilisations incorporelles","681110","account.data_account_type_expenses","l10n_tn.l10n_tn_pcg_chart_template","False"
"1_pcg_681120","Immobilisations corporelles","681120","account.data_account_type_expenses","l10n_tn.l10n_tn_pcg_chart_template","False"
"1_pcg_681200","Dotations aux résorptions des charges reportées","681200","account.data_account_type_expenses","l10n_tn.l10n_tn_pcg_chart_template","False"
"1_pcg_681500","Dotations aux provisions pour risques et charges d'exploitation","681500","account.data_account_type_expenses","l10n_tn.l10n_tn_pcg_chart_template","False"
"1_pcg_6816","Dotations aux provisions pour dépréciation des immobilisations incorporelles et corporelles","6816","account.data_account_type_expenses","l10n_tn.l10n_tn_pcg_chart_template","False"
"1_pcg_681610","Immobilisations incorporelles","681610","account.data_account_type_expenses","l10n_tn.l10n_tn_pcg_chart_template","False"
"1_pcg_681620","Immobilisations corporelles","681620","account.data_account_type_expenses","l10n_tn.l10n_tn_pcg_chart_template","False"
"1_pcg_681730","Stocks et en-cours","681730","account.data_account_type_expenses","l10n_tn.l10n_tn_pcg_chart_template","False"
"1_pcg_681740","Créances","681740","account.data_account_type_expenses","l10n_tn.l10n_tn_pcg_chart_template","False"
"1_pcg_681800","Dotations aux amortissements et aux provisions liées a une modification comptable a imputer au résultat de l'exercice ou a une a","681800","account.data_account_type_expenses","l10n_tn.l10n_tn_pcg_chart_template","False"
"1_pcg_686100","Dotations aux amortissements des primes de remboursement des obligations","686100","account.data_account_type_expenses","l10n_tn.l10n_tn_pcg_chart_template","False"
"1_pcg_686500","Dotations aux provisions pour risques et charges financières","686500","account.data_account_type_expenses","l10n_tn.l10n_tn_pcg_chart_template","False"
"1_pcg_686600","Dotations aux provisions pour dépréciation des éléments financiers","686600","account.data_account_type_expenses","l10n_tn.l10n_tn_pcg_chart_template","False"
"1_pcg_686620","Immobilisations financières","686620","account.data_account_type_expenses","l10n_tn.l10n_tn_pcg_chart_template","False"
"1_pcg_686650","Placements et prêts courants","686650","account.data_account_type_expenses","l10n_tn.l10n_tn_pcg_chart_template","False"
"1_pcg_686800","Dotations aux amortissements et aux provisions liées a une modification comptable inscrite dans le résultat de l'exercice ou a u","686800","account.data_account_type_expenses","l10n_tn.l10n_tn_pcg_chart_template","False"
"1_pcg_691000","Impôts sur les bénéfices calcules sur le résultat des activités ordinaires","691000","account.data_account_type_expenses","l10n_tn.l10n_tn_pcg_chart_template","False"
"1_pcg_695000","Autres impôts sur les bénéfices (régimes particuliers)","695000","account.data_account_type_expenses","l10n_tn.l10n_tn_pcg_chart_template","False"
"1_pcg_697000","Impôts sur les bénéfices calcules sur les éléments extraordinaires","697000","account.data_account_type_expenses","l10n_tn.l10n_tn_pcg_chart_template","False"
"1_pcg_701100","Produits finis achevés","701100","account.data_account_type_revenue","l10n_tn.l10n_tn_pcg_chart_template","False"
"1_pcg_701200","Produits finis non achevés (contrat de longue durée)","701200","account.data_account_type_revenue","l10n_tn.l10n_tn_pcg_chart_template","False"
"1_pcg_702000","Ventes de produits intermédiaires","702000","account.data_account_type_revenue","l10n_tn.l10n_tn_pcg_chart_template","False"
"1_pcg_703000","Ventes de produits résiduels","703000","account.data_account_type_revenue","l10n_tn.l10n_tn_pcg_chart_template","False"
"1_pcg_704000","Travaux","704000","account.data_account_type_revenue","l10n_tn.l10n_tn_pcg_chart_template","False"
"1_pcg_705000","Études et prestations de services","705000","account.data_account_type_revenue","l10n_tn.l10n_tn_pcg_chart_template","False"
"1_pcg_706000","Produits des activités annexes","706000","account.data_account_type_revenue","l10n_tn.l10n_tn_pcg_chart_template","False"
"1_pcg_707000","Ventes de marchandises","707000","account.data_account_type_revenue","l10n_tn.l10n_tn_pcg_chart_template","False"
"1_pcg_708000","Ventes liées a une modification comptable a imputer au résultat de l'exercice ou a une activité abandonnée","708000","account.data_account_type_revenue","l10n_tn.l10n_tn_pcg_chart_template","False"
"1_pcg_709100","Sur ventes de produits finis","709100","account.data_account_type_revenue","l10n_tn.l10n_tn_pcg_chart_template","False"
"1_pcg_709200","Sur ventes de produits intermédiaires","709200","account.data_account_type_revenue","l10n_tn.l10n_tn_pcg_chart_template","False"
"1_pcg_709400","Sur travaux","709400","account.data_account_type_revenue","l10n_tn.l10n_tn_pcg_chart_template","False"
"1_pcg_709500","Sur études et prestations de services","709500","account.data_account_type_revenue","l10n_tn.l10n_tn_pcg_chart_template","False"
"1_pcg_709600","Sur activités annexes","709600","account.data_account_type_revenue","l10n_tn.l10n_tn_pcg_chart_template","False"
"1_pcg_709700","Sur ventes de marchandises","709700","account.data_account_type_revenue","l10n_tn.l10n_tn_pcg_chart_template","False"
"1_pcg_709800","Sur ventes liées a une modification comptable a imputer au résultat de l'exercice ou a une activité abandonnée","709800","account.data_account_type_revenue","l10n_tn.l10n_tn_pcg_chart_template","False"
"1_pcg_713300","Variations des en-cours de production de biens","713300","account.data_account_type_revenue","l10n_tn.l10n_tn_pcg_chart_template","False"
"1_pcg_713400","Variation des en-cours de production de services","713400","account.data_account_type_revenue","l10n_tn.l10n_tn_pcg_chart_template","False"
"1_pcg_713500","Variation des stocks de produits","713500","account.data_account_type_revenue","l10n_tn.l10n_tn_pcg_chart_template","False"
"1_pcg_721000","Immobilisations incorporelles","721000","account.data_account_type_revenue","l10n_tn.l10n_tn_pcg_chart_template","False"
"1_pcg_722000","Immobilisations corporelles","722000","account.data_account_type_revenue","l10n_tn.l10n_tn_pcg_chart_template","False"
"1_pcg_728000","Production immobilisée liée a une modification comptable a imputer au résultat de l'exercice ou a une activité abandonnée","728000","account.data_account_type_revenue","l10n_tn.l10n_tn_pcg_chart_template","False"
"1_pcg_731000","Redevances pour concessions, brevets, licences, marques, procédés, droits et valeurs similaires","731000","account.data_account_type_revenue","l10n_tn.l10n_tn_pcg_chart_template","False"
"1_pcg_732000","Revenus des immeubles non affectes aux activités professionnelles","732000","account.data_account_type_revenue","l10n_tn.l10n_tn_pcg_chart_template","False"
"1_pcg_733000","Jetons de présence et rémunérations d'administrateurs, gérants","733000","account.data_account_type_revenue","l10n_tn.l10n_tn_pcg_chart_template","False"
"1_pcg_734000","Ristournes perçues des coopératives (provenant des excédents)","734000","account.data_account_type_revenue","l10n_tn.l10n_tn_pcg_chart_template","False"
"1_pcg_735000","Quotes-parts de résultat sur opérations faites en commun","735000","account.data_account_type_revenue","l10n_tn.l10n_tn_pcg_chart_template","False"
"1_pcg_736000","Produits nets sur cessions d'immobilisations et autres gains sur éléments non récurrents ou exceptionnels","736000","account.data_account_type_revenue","l10n_tn.l10n_tn_pcg_chart_template","False"
"1_pcg_738000","Produits divers ordinaires lies a une modification comptable a imputer au résultat de l'exercice ou a une activité abandonnée","738000","account.data_account_type_revenue","l10n_tn.l10n_tn_pcg_chart_template","False"
"1_pcg_739000","Quotes-parts des subventions d'investissement inscrites au résultat de l'exercice","739000","account.data_account_type_revenue","l10n_tn.l10n_tn_pcg_chart_template","False"
"1_pcg_741000","Subventions d'exploitation","741000","account.data_account_type_revenue","l10n_tn.l10n_tn_pcg_chart_template","False"
"1_pcg_745000","Subventions d’équilibre","745000","account.data_account_type_revenue","l10n_tn.l10n_tn_pcg_chart_template","False"
"1_pcg_748000","Subventions liées a une modification comptable a imputer au résultat de l'exercice ou a une activité abandonnée","748000","account.data_account_type_revenue","l10n_tn.l10n_tn_pcg_chart_template","False"
"1_pcg_751000","Produits des participations","751000","account.data_account_type_revenue","l10n_tn.l10n_tn_pcg_chart_template","False"
"1_pcg_752000","Produits des autres immobilisations financières","752000","account.data_account_type_revenue","l10n_tn.l10n_tn_pcg_chart_template","False"
"1_pcg_753000","Revenus des autres créances","753000","account.data_account_type_revenue","l10n_tn.l10n_tn_pcg_chart_template","False"
"1_pcg_754000","Revenus des valeurs mobilières de placement","754000","account.data_account_type_revenue","l10n_tn.l10n_tn_pcg_chart_template","False"
"1_pcg_755000","Escomptes obtenus","755000","account.data_account_type_revenue","l10n_tn.l10n_tn_pcg_chart_template","False"
"1_pcg_756000","Gains de change","756000","account.data_account_type_revenue","l10n_tn.l10n_tn_pcg_chart_template","False"
"1_pcg_757000","Produits nets sur cessions de valeurs mobilières","757000","account.data_account_type_revenue","l10n_tn.l10n_tn_pcg_chart_template","False"
"1_pcg_758000","Produits financiers lies a une modification comptable a imputer au résultat de l'exercice ou a une activité abandonnée","758000","account.data_account_type_revenue","l10n_tn.l10n_tn_pcg_chart_template","False"
"1_pcg_770000","Gains extraordinaires","770000","account.data_account_type_revenue","l10n_tn.l10n_tn_pcg_chart_template","False"
"1_pcg_781100","Reprises sur amortissements des immobilisations incorporelles et corporelles","781100","account.data_account_type_revenue","l10n_tn.l10n_tn_pcg_chart_template","False"
"1_pcg_781110","Immobilisations incorporelles","781110","account.data_account_type_revenue","l10n_tn.l10n_tn_pcg_chart_template","False"
"1_pcg_781120","Immobilisations corporelles","781120","account.data_account_type_revenue","l10n_tn.l10n_tn_pcg_chart_template","False"
"1_pcg_781500","Reprises sur provisions pour risques et charges d'exploitation","781500","account.data_account_type_revenue","l10n_tn.l10n_tn_pcg_chart_template","False"
"1_pcg_781600","Reprises sur provisions pour dépréciation des immobilisations incorporelles et corporelles","781600","account.data_account_type_revenue","l10n_tn.l10n_tn_pcg_chart_template","False"
"1_pcg_781610","Immobilisations incorporelles","781610","account.data_account_type_revenue","l10n_tn.l10n_tn_pcg_chart_template","False"
"1_pcg_781620","Immobilisations corporelles","781620","account.data_account_type_revenue","l10n_tn.l10n_tn_pcg_chart_template","False"
"1_pcg_781700","Reprises sur provisions pour dépréciation des actifs courants (autres que les valeurs mobilières de placement et les équivalents","781700","account.data_account_type_revenue","l10n_tn.l10n_tn_pcg_chart_template","False"
"1_pcg_781730","Stocks et en-cours","781730","account.data_account_type_revenue","l10n_tn.l10n_tn_pcg_chart_template","False"
"1_pcg_781740","Créances","781740","account.data_account_type_revenue","l10n_tn.l10n_tn_pcg_chart_template","False"
"1_pcg_781800","Reprises sur provisions liées a une modification comptable inscrite aux résultats ou a une activité abandonnée","781800","account.data_account_type_revenue","l10n_tn.l10n_tn_pcg_chart_template","False"
"1_pcg_786500","Reprises sur provisions pour risque et charges financières","786500","account.data_account_type_revenue","l10n_tn.l10n_tn_pcg_chart_template","False"
"1_pcg_786600","Reprises sur provisions pour dépréciation des éléments financiers","786600","account.data_account_type_revenue","l10n_tn.l10n_tn_pcg_chart_template","False"
"1_pcg_786800","Reprises sur provisions (a inscrire dans les produits financiers) liées a une modification comptable inscrite aux résultats de o","786800","account.data_account_type_revenue","l10n_tn.l10n_tn_pcg_chart_template","False"
"1_pcg_790000","Transferts de charges (A ventiler en fonction des comptes ou ont été imputées les charges à transférer) Fonctionnement général d","790000","account.data_account_type_revenue","l10n_tn.l10n_tn_pcg_chart_template","False"
